firstName,lastName,linkedinUrl,company
"Saksham","Manchanda","https://www.linkedin.com/in/saksham-manchanda-fifthrender?miniProfileUrn=urn%3Ali%3Afs_miniProfile%3AACoAAEWymIMBsDV-sLsbSAsGZOjrrvWsjxp8_KY","FifthRender"
"Pranjali","Awasthi","https://www.linkedin.com/in/pranjali-awasthi-neuro?miniProfileUrn=urn%3Ali%3Afs_miniProfile%3AACoAADDrgbIB2wj5Muc0zjxuZc5XENtKTw6cCo8","Building slashy.ai (YC S25)"
"Farhan","Hossain","https://www.linkedin.com/in/mfarhanh?miniProfileUrn=urn%3Ali%3Afs_miniProfile%3AACoAAAzievIBKHBuvhyMUN_-y_oIvnA57olsev0","Building for Humanity."
"Omar","Abdelaziz","https://www.linkedin.com/in/oabdelaziz?miniProfileUrn=urn%3Ali%3Afs_miniProfile%3AACoAAA_ezsoBcmKFjeaiyNRbLET4VtoUvHvn2kI","ex-Google"
"Henry","Ndubuaku","https://www.linkedin.com/in/henry-ndubuaku-7b6350b8?miniProfileUrn=urn%3Ali%3Afs_miniProfile%3AACoAABj3vXoB9WffqkgTXWZ9mY8yadryo7_eqH4",""
"Abhay","Kalra","https://www.linkedin.com/in/abhay-kalra-683688214?miniProfileUrn=urn%3Ali%3Afs_miniProfile%3AACoAADY0icMB2C2nrK8FpK-3s5UQ9yHhfxynMxw","Avent (YC S25)"
"Daivik","Goel","https://www.linkedin.com/in/daivikg?miniProfileUrn=urn%3Ali%3Afs_miniProfile%3AACoAAB9xjdABQH1wq3KlP2ZLYsnm1wSabbTMJoY","uWaterloo Eng"
"Luke","Shiels","https://www.linkedin.com/in/shiels?miniProfileUrn=urn%3Ali%3Afs_miniProfile%3AACoAACE7-3YBhvDlJBOuk4WywNUdewASLpd0IUk",""
"Khalid","Ashmawy","https://www.linkedin.com/in/khalidashmawy?miniProfileUrn=urn%3Ali%3Afs_miniProfile%3AACoAAAduQdABe9HrfiemXQpoK4qJpbXogToWMEo","Munify (YC S25)"
"Leeds","Rising","https://www.linkedin.com/in/leedsrising?miniProfileUrn=urn%3Ali%3Afs_miniProfile%3AACoAABrI0yABG5tQaQoImtS1eNEFInq1ohsLPZk","CEO Palace (YC S25)"
"Ethan","Gibbs","https://www.linkedin.com/in/etgibbs?miniProfileUrn=urn%3Ali%3Afs_miniProfile%3AACoAADD6YMUBq3us1otK_zN0Bl6VIkUh5OWU5AA","Embedder (YC S25)"
"Tim","Cherkasov","https://www.linkedin.com/in/timcherkasov?miniProfileUrn=urn%3Ali%3Afs_miniProfile%3AACoAABc9mnYB4R_jrJBsvC7zYnmxGNYL4TR7nEw","trace.so (YC S25)"
"Daniel","Rupawalla","https://www.linkedin.com/in/danielrupawalla?miniProfileUrn=urn%3Ali%3Afs_miniProfile%3AACoAADkJokoBHS9shm3q5BUuWTPxqZZYHgy5oCo","Nuntius (YC S25)"
"Ritam","Rana","https://www.linkedin.com/in/ritamrana?miniProfileUrn=urn%3Ali%3Afs_miniProfile%3AACoAACsQqnABR2IPcJ_donyjrhAblSSx61FvtHg","Knowlify (YC S25)"
"Edward","Look","https://www.linkedin.com/in/edwlk?miniProfileUrn=urn%3Ali%3Afs_miniProfile%3AACoAABFKO1sBJP9CwWD0A2Coa3H0DprqJD3OKxw","Floot (YC S25)"
"Ananth","Subramanya","https://www.linkedin.com/in/ams29?miniProfileUrn=urn%3Ali%3Afs_miniProfile%3AACoAADduWwoBBSoKqH7qn2FwuOv1RIVkJa1n1B8","MangoDesk (YC S25)"
"Angel","Onuoha","https://www.linkedin.com/in/angel-onuoha?miniProfileUrn=urn%3Ali%3Afs_miniProfile%3AACoAAB9yYxIBwtpvp2dHRh3xHdj_aj8LVHixc4w","Avelis Health (YC S25)"
"Chris","Nolet","https://www.linkedin.com/in/chrisnolet?miniProfileUrn=urn%3Ali%3Afs_miniProfile%3AACoAAAKPw8UBK0Izl98ln7PAeW2Xv7zm27PVnl0","Vibe Code Go (YC S25) · ex-Apple"
"Ryan","Ewing","https://www.linkedin.com/in/rjewing?miniProfileUrn=urn%3Ali%3Afs_miniProfile%3AACoAACLozBEBumC0itpBx_8LNiUTHxt3y5KMGqA",""
"Srikar","D.","https://www.linkedin.com/in/srikar-d-473390136?miniProfileUrn=urn%3Ali%3Afs_miniProfile%3AACoAACEo35cBtRorrkTgrnw-mNRKN9OQnBO2xd0","Alter (YC S25)"
"Alessia","Paccagnella","https://www.linkedin.com/in/alepacca?miniProfileUrn=urn%3Ali%3Afs_miniProfile%3AACoAABweYtYBwm5o5RMXP4mYlxFRILIuqTGbV6Q","VibeFlow (YC S25)"
"Aram","Shatakhtsyan","https://www.linkedin.com/in/artahian?miniProfileUrn=urn%3Ali%3Afs_miniProfile%3AACoAAAZt0a0BpJsDOEvyT3iry4I_d2xqoCesaEM","Modelence"
"Nicole","Ma","https://www.linkedin.com/in/ma06nicole?miniProfileUrn=urn%3Ali%3Afs_miniProfile%3AACoAADEv47UBhh5jmZhmmnCemTCXDUYF7rwN5T8","Topological (YC S25)"
"Aditya","Mahna","https://www.linkedin.com/in/aditya-mahna-b57256325?miniProfileUrn=urn%3Ali%3Afs_miniProfile%3AACoAAFIVq_MB9wmtzWCH6F-_SyGykNEfr46NeLw","Candytrail (YC S25)"
"Ben","Smith","https://www.linkedin.com/in/ben-smith-b15b12293?miniProfileUrn=urn%3Ali%3Afs_miniProfile%3AACoAAEctmMEBzLMj3fhPvOurnCDUZp16CxuQ5cs","Skope (YC S25)"
"Varun","Pratap Singh","https://www.linkedin.com/in/varun-pratap-singh-28a511202?miniProfileUrn=urn%3Ali%3Afs_miniProfile%3AACoAADOwdUoBjyJsWDJaOog-x-ldqWXZUCHBVFA","AfterQuery (YC S25)-MathsExpert"
"Warren","Wang","https://www.linkedin.com/in/warrenwang-fnu?miniProfileUrn=urn%3Ali%3Afs_miniProfile%3AACoAACONmJIBAGYPK8XiQdBEjVpf5ppShDBR9Ls","dScribe AI (YC S25)"
"Paul","Bae","https://www.linkedin.com/in/pybae?miniProfileUrn=urn%3Ali%3Afs_miniProfile%3AACoAABXjpUwBNZBNtA6UEQUQ4JyLkgfn1EsIvsc","Async (YC S25)"
"Rohan","Sharma","https://www.linkedin.com/in/r9a?miniProfileUrn=urn%3Ali%3Afs_miniProfile%3AACoAAATxqkYBz-qd6SZq1yMPIi_kaPQWNzWZ1a0","Serafis (YC S25)"
"Tom","Greenwald","https://www.linkedin.com/in/t-greenwald?miniProfileUrn=urn%3Ali%3Afs_miniProfile%3AACoAACERbjIBW6etTlxTKk8cUMs_c_9fPtX-_iE","Sagekit (YC S25)"
"Jinlin","Zhang","https://www.linkedin.com/in/kenny-zhang-jinlin?miniProfileUrn=urn%3Ali%3Afs_miniProfile%3AACoAACqZORQBKpAxwoE37ZRC9W2V2jJd9QuVaCI","Riff (YC S25)"
"Christopher","Markus","https://www.linkedin.com/in/chris-markus?miniProfileUrn=urn%3Ali%3Afs_miniProfile%3AACoAACXlus8B2DnBO_m1smXnPjw9opbks3CxCfw","BootLoop (YC S25)"
"Aaron","Chew","https://www.linkedin.com/in/aaronbchew?miniProfileUrn=urn%3Ali%3Afs_miniProfile%3AACoAAC8Z_mABlKPUBMq1yavNJ-nFY_DHgfvhJ3A","YC S25"
"Mariem","Ould Ismail","https://www.linkedin.com/in/mariem-ould-ismail-b45917262?miniProfileUrn=urn%3Ali%3Afs_miniProfile%3AACoAAECQUqUBe4ehWgzkX0aX_fS4_gIT31clXeo","X-MIT"
"Roman","Shemet","https://www.linkedin.com/in/roman-shemet?miniProfileUrn=urn%3Ali%3Afs_miniProfile%3AACoAAB99Yp4BPKjwMrF8J1_hdPRtZ7cx4QdR0uU","Cactus (YC S25)"
"Chinmay","Patel","https://www.linkedin.com/in/chinmayspatel?miniProfileUrn=urn%3Ali%3Afs_miniProfile%3AACoAAA6f3G0B_cnLLkwn-vFlYQelNlZafMklbxs","Ex-Harvard, Stanford, MIT, BCG"
"Pratham","Bansal","https://www.linkedin.com/in/bansalpratham?miniProfileUrn=urn%3Ali%3Afs_miniProfile%3AACoAAC_eBJYBHdrGkO-38J9L4qSEd7Q0LAF_YSE","Lanesurf (YC S25)"
"John","Yeo","https://www.linkedin.com/in/johnyeocx?miniProfileUrn=urn%3Ali%3Afs_miniProfile%3AACoAADC8iDgBzUw_-Fi2Qkae4dLTmpxL1CgeJRk",""
"Ayaan","Parikh","https://www.linkedin.com/in/ayaan-parikh?miniProfileUrn=urn%3Ali%3Afs_miniProfile%3AACoAADWSFjsB4J-_FCCI-q36q_YV8eS06o0g5Jo","Convexia (YC S25)"
"Priti","Rangnekar","https://www.linkedin.com/in/pritirangnekar?miniProfileUrn=urn%3Ali%3Afs_miniProfile%3AACoAAB6HCO8BkjsfxCMfWyE_dUoWtqw8EP7CrWQ","Nixo (YC S25)"
"Kavan","Doctor","https://www.linkedin.com/in/kavandoctor?miniProfileUrn=urn%3Ali%3Afs_miniProfile%3AACoAACs-StoBHKmHc9BIjW6botZJtXY51ZRduNE","YC S25"
"Kevan","Dodhia","https://www.linkedin.com/in/kevan-dodhia-760183129?miniProfileUrn=urn%3Ali%3Afs_miniProfile%3AACoAAB-G_HgB8MayUMNIRZWnZcNyfzllDSeN2kY","Alter (YC S25)"
"Aman","Agarwal","https://www.linkedin.com/in/aman-agarwal-ca?miniProfileUrn=urn%3Ali%3Afs_miniProfile%3AACoAACWVaEoBVn51wZ_YHIJ0kceyTRcxDeA49Co",""
"Rohil","Khare","https://www.linkedin.com/in/rohil-khare?miniProfileUrn=urn%3Ali%3Afs_miniProfile%3AACoAAC5FbUcBgD_lfyI_YtPAj5QagU4X7y-VUOk","YC S25"
"Dr.","Sabrine Obbad M.Sc, D.D.S","https://www.linkedin.com/in/sabrineobbad?miniProfileUrn=urn%3Ali%3Afs_miniProfile%3AACoAABOQwNYB38cuzroo4nRNgXH0P2ewF2oUCiU","ALARA"
"Sam","Goldman","https://www.linkedin.com/in/sam-goldman?miniProfileUrn=urn%3Ali%3Afs_miniProfile%3AACoAACH5V10BroCuliLk7aGNH5e8--ITZYUudt4",""
"Andrea","P.","https://www.linkedin.com/in/pinto-andrea?miniProfileUrn=urn%3Ali%3Afs_miniProfile%3AACoAACpwpGgB7225s0spBOcT7R6c8AU6A8YIFgA","Nottelabs (YC S25)"
"Devraj","Gopal","https://www.linkedin.com/in/dev-gopal?miniProfileUrn=urn%3Ali%3Afs_miniProfile%3AACoAAEUuq50BtTQV5mxqmiYupaoUq4KOUVJC1SM","Wedge"
"Vedant","Vyas","https://www.linkedin.com/in/vedant-vyas5?miniProfileUrn=urn%3Ali%3Afs_miniProfile%3AACoAADjJI2wB4g6tDosdxix9p7NSlMsYemagOkM","Opennote (YC S25)"
"Abhigyan","Arya","https://www.linkedin.com/in/abhiaarya?miniProfileUrn=urn%3Ali%3Afs_miniProfile%3AACoAADPVvgkBSCCv52qyNeR7L7nLYXun_bCp7PM","Browserbase, NASA"